Source local ID,Link type,Target local ID
SELLO-001,blocks,SELLO-037
SELLO-036,blocks,SELLO-037
SELLO-004,blocks,SELLO-037
SELLO-037,blocks,SELLO-038
SELLO-014,blocks,SELLO-038
SELLO-004,blocks,SELLO-038
SELLO-038,blocks,SELLO-039
SELLO-011,blocks,SELLO-039
SELLO-012,blocks,SELLO-039
SELLO-013,blocks,SELLO-039
SELLO-004,blocks,SELLO-039
SELLO-039,blocks,SELLO-040
SELLO-028,blocks,SELLO-040
SELLO-029,blocks,SELLO-040
SELLO-030,blocks,SELLO-040
SELLO-031,blocks,SELLO-040
SELLO-004,blocks,SELLO-040
SELLO-040,blocks,SELLO-041
SELLO-020,blocks,SELLO-041
SELLO-022,blocks,SELLO-041
SELLO-023,blocks,SELLO-041
SELLO-004,blocks,SELLO-041
SELLO-041,blocks,SELLO-042
SELLO-024,blocks,SELLO-042
SELLO-025,blocks,SELLO-042
SELLO-027,blocks,SELLO-042
SELLO-004,blocks,SELLO-042
SELLO-042,blocks,SELLO-043
SELLO-033,blocks,SELLO-043
SELLO-034,blocks,SELLO-043
SELLO-035,blocks,SELLO-043
SELLO-036,blocks,SELLO-043
SELLO-004,blocks,SELLO-043
